itemid,ID,
catid,栏目ID,
level,级别,
title,标题,
style,颜色,
fee,收费,
keyword,关键词,
pptword,分类属性,
hits,点击次数,
thumb,标题图,
homepage,官方网站,
username,会员名,
groupid,会员组,
addtime,添加时间,
adddate,添加日期,
totime,过期时间,
areaid,地区ID,
company,公司名,
vip,VIP级别,
validated,认证,
truename,姓名,
telephone,电话,
fax,传真,
mobile,手机,
address,地址,
email,E-mail,
qq,QQ,
ali,阿里旺旺,
skype,Skype,
msn,MSN,
introduce,简介,
editor,编辑,
edittime,修改时间,
editdate,修改日期,
ip,IP地址,
template,模板,
status,状态,
linkurl,链接地址,
filepath,文件地址,
note,备注,