catid,栏目ID,
moduleid,模块ID,
catname,栏目名称,
style,颜色,
catdir,栏目目录,
linkurl,链接地址,
letter,字母索引,
level,级别,
item,信息数量,
property,属性数量,
parentid,上级ID,
arrparentid,上级所有ID,
child,是否有子分类,
arrchildid,子分类所有ID,
listorder,排序,
template,栏目模板,
show_template,内容模版,
seo_title,SEO标题,
seo_keywords,SEO关键词,
seo_description,SEO描述,
group_list,允许浏览栏目的会员组,
group_show,允许浏览栏目信息内容的会员组,
group_add,允许在栏目发布信息的会员组,