itemid,票选ID,
typeid,分类ID,
areaid,地区ID,
level,级别,
title,标题,
style,颜色,
content,票选说明,
seo_title,SEO标题,
seo_keywords,SEO关键词,
seo_description,SEO描述,
thumb_width,标题图片宽度,
thumb_height,标题图片高度,
poll_max,投票选项限制,
poll_page,每页显示项目,
poll_cols,每行显示项目,
poll_order,前台排序方式,
polls,投票总数,
items,选项总数,
hits,浏览次数,
addtime,添加时间,
fromtime,开始时间,
totime,结束时间,
editor,编辑,
edittime,编辑时间,
linkurl,链接地址,
template_poll,票选模板,
template,结果模板,