itemid,ID,
catid,栏目ID,
areaid,地区ID,
level,推荐级别,
title,产品名称,
style,高亮颜色,
unit,计量单位,
price,最新报价,
minprice,参考最低价,
maxprice,参考最高价,
n1,参数名1,
n2,参数名2,
n3,参数名3,
v1,参数值1,
v2,参数值2,
v3,参数值3,
market,所属市场,
item,报价数量,
hits,流量次数,
addtime,添加时间,
editor,编辑,
edittime,修改时间,
seo_title,SEO标题,
seo_keywords,SEO关键词,
seo_description,SEO描述,
content,产品简介,