itemid,ID,
catid,栏目ID,
areaid,地区ID,
level,级别,
title,标题,
style,颜色,
introduce,简介,
tag,标签,
keyword,关键词,
pptword,分类属性,
items,信息数量,
hits,点击次数,
thumb,标题图,
banner,横幅,
cfg_photo,图片调用数量,
cfg_video,视频调用数量,
cfg_type,分类调用数量,
seo_title,SEO标题,
seo_keywords,SEO关键词,
seo_description,SEO描述,
username,会员名,
addtime,添加时间,
editor,编辑,
edittime,修改时间,
ip,IP,
template,模板,
status,状态,
islink,外部链接,
linkurl,链接地址,
filepath,文件地址,
domain,绑定域名,
note,备注,